1,Bob,Rees,288164,GT0166H,FirstClass,En vuelo
2,Feodor,Petranek,473619,LY9348U,FirstClass,En Horario
3,Torrie,Leggate,166243,ZZ9920V,EconomyClass,En Horario
4,Jakob,Elbourn,191790,VK6109Z,EconomyClass,En vuelo
5,Charlean,Giovannoni,140621,HB2939C,ExecutiveClass,Aterrizado
6,Kial,Arend,964709,IZ3147B,FirstClass,Demorado
7,Ashla,Millmore,448544,ZV5689K,FirstClass,Demorado
8,Birgitta,Durdy,823474,SY0511X,FirstClass,Demorado
9,Kirby,Raeburn,578635,QV5855X,EconomyClass,Demorado
10,Julienne,OGleasane,68588,NT5137P,EconomyClass,En Horario
11,Wash,Buckney,405953,YV0833W,FirstClass,En Horario
12,Stillmann,Keuntje,802849,BN5385E,EconomyClass,En vuelo
13,Allx,Grieves,936853,PC1616T,EconomyClass,En vuelo
14,Ricky,Graben,822514,TQ6713L,EconomyClass,En vuelo
15,Drusie,Maidment,423743,SG9993U,FirstClass,En vuelo
16,Hannah,Varnam,305664,FB5597K,ExecutiveClass,En vuelo
17,Upton,ODuilleain,756412,MS7182U,EconomyClass,Aterrizado
18,Emmalynn,Zaczek,216359,WF3319K,FirstClass,Demorado
19,Arlen,Hadwen,967979,HM0688E,ExecutiveClass,Demorado
20,Brendin,Reihm,113817,WE6328P,ExecutiveClass,En Horario
21,Howard,Lindblad,527163,GZ6708A,FirstClass,Aterrizado
22,Philipa,Hiom,797828,SX6408D,ExecutiveClass,En Horario
23,Wayland,Stock,521407,AQ6257V,EconomyClass,Demorado
24,Gearalt,McCarlie,346726,GI0242N,FirstClass,Demorado
25,Marlo,McNirlan,267490,HT0329L,ExecutiveClass,Demorado
26,Aldon,Giral,899579,AE2208W,EconomyClass,En vuelo
27,Calley,Vermer,322623,IC3738T,ExecutiveClass,En Horario
28,Hilarius,Orehead,238987,FM3283Y,ExecutiveClass,Aterrizado
29,Mordecai,Rao,371778,IM9925Q,ExecutiveClass,En Horario
30,Gwendolyn,Cockill,460215,FV5280Y,EconomyClass,En vuelo
31,Ricca,Hawksley,960185,EX7581N,ExecutiveClass,Aterrizado
32,Sybille,Romanelli,859268,HV8512J,EconomyClass,Aterrizado
33,Clea,Elderbrant,744602,IA2790U,FirstClass,En Horario
34,Rory,Lethley,952976,WQ2069R,FirstClass,En vuelo
35,Smith,Smeed,368111,AY0919D,ExecutiveClass,Demorado
36,Zolly,MacGovern,621000,OP8922H,ExecutiveClass,Aterrizado
37,Gillie,Simonazzi,179773,ZR2501U,EconomyClass,Aterrizado
38,Mareah,Yablsley,895427,KE8480N,ExecutiveClass,Aterrizado
39,Bertie,Ellul,281616,VX7841N,FirstClass,Aterrizado
40,Lexy,Semiras,724499,CF7388C,EconomyClass,Aterrizado
41,Lilla,Tearny,417795,MJ8629U,EconomyClass,Demorado
42,Suzy,Leggan,158508,UF0886T,FirstClass,En vuelo
43,Minerva,Nehl,383931,WO9991T,ExecutiveClass,En Horario
44,Vanya,Knoble,263027,MF2932I,EconomyClass,En vuelo
45,Ealasaid,Berzin,952692,YR9206W,EconomyClass,En vuelo
46,Ogdon,Schowenburg,655409,UR7316F,EconomyClass,Aterrizado
47,Tracy,Synder,772505,MD8521S,FirstClass,Demorado
48,Rochella,Oxberry,41729,NN1482E,EconomyClass,Aterrizado
49,Christos,MacGinley,867033,VP1282B,FirstClass,Aterrizado
50,Barri,Sedgmond,252222,MJ4451Y,EconomyClass,En Horario
51,Casar,Creevy,171566,JY5850I,ExecutiveClass,Demorado
52,Donelle,Ballingal,944488,KB0209F,FirstClass,Aterrizado
53,Jesse,Barras,801319,AX3776D,EconomyClass,Aterrizado
54,Melva,Tschierasche,100115,EQ7507K,EconomyClass,En vuelo
55,Sandie,Extall,675397,FW4634U,FirstClass,Aterrizado
56,Darill,Pierpoint,59276,GC5727S,FirstClass,En Horario
57,Charin,Rasper,230232,CG8900Q,EconomyClass,En Horario
58,Kariotta,Learmont,677376,UU1974I,ExecutiveClass,Aterrizado
59,Gun,Czajkowski,692993,MB1281L,EconomyClass,En Horario
60,Cross,Wyldish,412065,XY3683Q,EconomyClass,Demorado
61,Sonny,Towsey,822979,WQ5136T,ExecutiveClass,En vuelo
62,Sallie,Simonel,733972,UP6003P,ExecutiveClass,En Horario
63,Ofilia,Pounder,160690,JL8731G,FirstClass,Demorado
64,Sansone,Augar,227469,WF9351K,ExecutiveClass,En vuelo
65,Salome,Gunderson,759077,WJ0749L,ExecutiveClass,En Horario
66,Mill,Legier,940500,IX2432F,FirstClass,En Horario
67,Elliott,Dunford,689435,VI3794T,EconomyClass,En Horario
68,Joli,Sutlieff,978058,IO3074Z,EconomyClass,En Horario
69,Tedra,Attenborough,714729,DM2328B,ExecutiveClass,En Horario
70,Sanford,Coutts,94493,TV6427N,FirstClass,En Horario
71,Dyann,Matyushenko,306598,FA2624M,EconomyClass,Aterrizado
72,Jeremie,Franzettoini,20595,DP5887Z,EconomyClass,Aterrizado
73,Stuart,Yewdall,218123,OY9494I,FirstClass,En vuelo
74,Laryssa,Crownshaw,663496,VY2058Y,FirstClass,Demorado
75,Budd,Oatley,574114,IJ9108T,ExecutiveClass,En vuelo
76,Viviene,Bellwood,725929,WF2076Z,EconomyClass,En vuelo
77,Janet,Duckers,32637,DX5660Z,FirstClass,En Horario
78,Pennie,Carsey,215655,SD2542E,EconomyClass,Demorado
79,Hollyanne,Ormond,694822,FJ2291T,EconomyClass,En vuelo
80,Julieta,Kupper,836890,NY7804J,EconomyClass,Demorado
81,Mella,Stidson,493443,OO9153B,EconomyClass,Demorado
82,Ashla,MacPake,125185,PP5937L,EconomyClass,Demorado
83,May,Nation,884930,UO4840I,FirstClass,En vuelo
84,Symon,Halewood,374117,KV4015F,EconomyClass,Aterrizado
85,Idalia,Mardling,439510,KP7461T,ExecutiveClass,En vuelo
86,Bank,Wessing,451535,JR9886N,FirstClass,En Horario
87,Elsy,Willmont,153613,KR7648Y,EconomyClass,Aterrizado
88,Gretta,Vase,449487,OJ2157A,EconomyClass,En vuelo
89,Elspeth,Obee,671748,ZM7701L,ExecutiveClass,En Horario
90,Cecil,Aberdalgy,412807,WQ2501R,FirstClass,En vuelo
91,Thedrick,Ethelstone,215352,XT6198S,FirstClass,En Horario
92,My,Guyon,700278,AU8658B,EconomyClass,En vuelo
93,Lorne,Cosstick,268477,IM6288S,FirstClass,En Horario
94,Lilla,DAndrea,592303,RP2639B,ExecutiveClass,Aterrizado
95,Farand,China,411722,GG7870Q,FirstClass,Demorado
96,Laverne,Robertz,304589,LX5706T,ExecutiveClass,En vuelo
97,Welbie,Samper,114109,ZD1682I,EconomyClass,En vuelo
98,Raye,Braunlein,876182,CA5774M,EconomyClass,En vuelo
99,Gerhardine,Hellier,781405,FF4819W,FirstClass,Demorado
100,Cecelia,Kadwallider,978694,AM3115M,ExecutiveClass,En vuelo
101,Mariya,Davana,887978,JR3710F,ExecutiveClass,Demorado
102,Ingaborg,Heinsius,861000,XN9845Z,EconomyClass,En Horario
103,Ileana,Thredder,42852,ZN9719L,FirstClass,Aterrizado
104,Rozalie,MacFadyen,967303,AA6620N,FirstClass,En vuelo
105,Corly,Greeno,482375,UG7598X,EconomyClass,En Horario
106,Maximilien,Witherbed,229309,MP6038N,FirstClass,En Horario
107,Dede,Adriaan,64730,IL6508C,FirstClass,Aterrizado
108,Fredrick,Mucklow,925823,LM9539A,EconomyClass,En Horario
109,Horton,Giovannetti,488495,WU4593C,EconomyClass,Aterrizado
110,Bili,Witherup,492332,GC3948C,ExecutiveClass,En Horario
111,Joice,Kubacek,449073,BT2215F,ExecutiveClass,Aterrizado
112,Gallagher,Bugg,987306,CC1196K,ExecutiveClass,Aterrizado
113,Sybille,Maddin,627501,FJ8334M,FirstClass,Demorado
114,Cherlyn,Makepeace,368508,NI4981U,FirstClass,En Horario
115,Kelley,Seagood,546776,SQ2906L,FirstClass,Aterrizado
116,Leann,Tooher,64572,SX6137D,ExecutiveClass,Demorado
117,Hermione,Jezzard,262598,WA8519X,ExecutiveClass,Aterrizado
118,Ryon,Broadfoot,624086,EJ8802Z,FirstClass,En vuelo
119,Lissi,Yosifov,971070,QJ1445W,EconomyClass,Demorado
120,Cairistiona,Muzzini,76115,ZG2944L,ExecutiveClass,En vuelo
121,Rozanne,Knath,886733,JC0995Y,ExecutiveClass,En vuelo
122,Torey,Ioselev,153691,DI1902R,ExecutiveClass,En vuelo
123,Celeste,Plessing,53474,BI1452O,ExecutiveClass,Demorado
124,Ashlee,Langman,883997,CK0271U,ExecutiveClass,En Horario
125,Brendis,Lorans,927110,AY6797H,EconomyClass,En vuelo
126,Parry,Volk,713994,DY5092F,ExecutiveClass,Demorado
127,Kathryne,Eddolls,663951,EY3398Y,FirstClass,En vuelo
128,Tomlin,Elstone,722681,RJ0303Q,EconomyClass,Aterrizado
129,Bing,Patridge,571827,OH4124H,FirstClass,Demorado
130,Aarika,Joselin,578633,TR2570G,FirstClass,Demorado
131,Siegfried,Scholig,637723,DE2268J,EconomyClass,Aterrizado
132,Vin,Dryburgh,111406,XN0181P,ExecutiveClass,En Horario
133,Pegeen,Lacoste,878436,XQ0717I,EconomyClass,Demorado
134,Arleta,Pietranek,88714,KM8553Y,ExecutiveClass,En Horario
135,Angie,Aasaf,661242,TP7133N,EconomyClass,En vuelo
136,Harrietta,Gillbee,952637,SX1982Y,FirstClass,Demorado
137,Candy,Hamsson,348834,PM6368E,ExecutiveClass,Demorado
138,Hatti,Demangel,445303,KA3836B,ExecutiveClass,En Horario
139,Hilliary,Blamey,587930,IC2314Y,EconomyClass,Demorado
140,Keelia,Troy,945648,RQ8676A,EconomyClass,Demorado
141,Benedicto,Galle,585038,CK4256V,FirstClass,En vuelo
142,Bathsheba,Creser,720499,WB2175B,FirstClass,En Horario
143,Gideon,Grindlay,236722,ZF7869J,FirstClass,En Horario
144,Ramona,Compton,759580,NG5364B,ExecutiveClass,Demorado
145,Jenna,Scragg,40256,TI7057H,EconomyClass,Aterrizado
146,Olwen,Toffoletto,357295,EK5251V,EconomyClass,Aterrizado
147,Bonnee,Maeer,29071,BU5367N,EconomyClass,Demorado
148,Stanwood,Ramsey,925710,OV5362O,ExecutiveClass,Demorado
149,Gerianna,Hawket,855946,IQ4344L,ExecutiveClass,Aterrizado
150,Jeramey,Baudain,938004,HJ9909O,FirstClass,En vuelo
151,Marjie,Plimmer,636986,PJ2741M,ExecutiveClass,En vuelo
152,Glynnis,Grichukhanov,310853,KS0311C,EconomyClass,Aterrizado
153,Jamie,Evitts,204917,RT5575D,ExecutiveClass,En Horario
154,Matilda,Stadden,327746,PK5341V,EconomyClass,En Horario
155,Filide,Pentin,59239,QK2462O,EconomyClass,Demorado
156,Ilyssa,Calcraft,801516,LW4777C,FirstClass,Aterrizado
157,Tad,Stellino,808046,TG0963B,EconomyClass,Aterrizado
158,Dal,Castano,452412,AK0825F,ExecutiveClass,En Horario
159,Kristi,Bundy,505932,GZ9573T,EconomyClass,Demorado
160,Juliane,Turk,650319,QP4055V,ExecutiveClass,En vuelo
161,Standford,Freear,296278,VF3725F,FirstClass,En Horario
162,Mick,Caile,977129,NO1016J,FirstClass,En Horario
163,Dolf,Kneale,384050,QY0172N,FirstClass,En vuelo
164,Stanly,Shearman,33369,BG7379Z,FirstClass,En vuelo
165,Gawain,Cassely,538307,GY2409A,ExecutiveClass,En vuelo
166,Lura,Cogzell,992878,QF9672J,FirstClass,Aterrizado
167,Gardie,Havik,192689,QZ4401Q,FirstClass,En vuelo
168,Wilona,Leile,34667,OQ4939K,FirstClass,Demorado
169,Moselle,Zanioletti,109251,EL6722G,ExecutiveClass,Aterrizado
170,Elisha,Pallasch,972823,DI8827W,FirstClass,En vuelo
171,Trevor,McCarroll,931586,WD6327T,FirstClass,Demorado
172,Mattie,Ingilson,142833,CV1378C,ExecutiveClass,En vuelo
173,Letisha,Zanicchi,596314,LK8962N,EconomyClass,Aterrizado
174,Stepha,Wallege,113589,XU5707I,EconomyClass,Demorado
175,Tatum,Fulk,365344,FC6214K,EconomyClass,Demorado
176,Ettie,Lyford,63899,RM3783L,ExecutiveClass,En Horario
177,Paige,Shirlaw,67651,ZA1772V,FirstClass,Aterrizado
178,Marne,Lumbers,849821,KO7241N,FirstClass,En Horario
179,Rebe,Musk,648965,QV9125V,EconomyClass,Demorado
180,Sallie,Eouzan,170780,TM3155H,EconomyClass,Aterrizado
181,Darci,Nunson,899491,IR0506Y,ExecutiveClass,En Horario
182,Cris,Roxburgh,256642,QI7576F,FirstClass,Aterrizado
183,Cariotta,Date,213419,WY2867Q,EconomyClass,En Horario
184,Nealon,Sainsberry,628131,NW8189M,ExecutiveClass,En Horario
185,Dallas,McNuff,127667,JR3881M,EconomyClass,Aterrizado
186,Candice,Vyel,900490,HG5619Q,ExecutiveClass,Demorado
187,Gannon,Lockwood,734431,BL3276B,ExecutiveClass,En vuelo
188,Sisely,Lints,335492,AA5794E,ExecutiveClass,Demorado
189,Tallie,Harrie,232978,VK3710X,ExecutiveClass,En Horario
190,Hallsy,Schoroder,365546,WO7324A,ExecutiveClass,En vuelo
191,Nelly,Larby,517197,AG5366J,ExecutiveClass,En Horario
192,Vic,Tinman,342065,XA9969V,FirstClass,En Horario
193,Tori,Hinksen,743489,GE1786O,FirstClass,Aterrizado
194,Beaufort,Faircliff,554707,JT7403T,FirstClass,En Horario
195,Con,Yeaman,189334,MY0369G,FirstClass,En Horario
196,Marylinda,Shea,780658,VH4792X,ExecutiveClass,Aterrizado
197,Jeno,Bucklan,727801,MQ6508P,FirstClass,Demorado
198,Pam,Grigorushkin,656073,ER4403U,ExecutiveClass,Aterrizado
199,Devlen,Mackstead,169270,XK8370V,FirstClass,En vuelo
200,Alys,Wong,687145,FF8598S,ExecutiveClass,Demorado
201,Rozamond,Kimblin,872161,ZV2822U,EconomyClass,Aterrizado
202,Caresse,Riddiough,875737,OD5512W,ExecutiveClass,Demorado
203,Nikolaos,Giovanizio,455654,UG8084E,FirstClass,Aterrizado
204,Hoebart,Edmondson,57524,YK5614E,FirstClass,Aterrizado
205,Dee dee,Drewett,831144,GU5323K,ExecutiveClass,En vuelo
206,Alfons,Bugge,958850,UO6062F,FirstClass,En vuelo
207,Lois,Kearey,788885,HA3987N,EconomyClass,Demorado
208,Thomasina,Anderbrugge,995360,DX0159E,ExecutiveClass,Aterrizado
209,Ania,Ricardin,248276,CM4265P,FirstClass,En Horario
210,Natka,OMalley,517744,MG2125I,FirstClass,Aterrizado
211,Moll,Osgordby,42692,SU7685E,ExecutiveClass,En Horario
212,Rosene,MacElholm,209014,MJ0545X,FirstClass,Aterrizado
213,Virgil,Worgan,660213,TS1470A,FirstClass,En Horario
214,Calida,Sprouls,361211,BS4474R,ExecutiveClass,En Horario
215,Portia,Duny,367045,IH4245R,EconomyClass,En Horario
216,Barney,Siene,340454,ON1254A,ExecutiveClass,Demorado
217,Liva,Storks,403373,HA1827O,FirstClass,En Horario
218,Reyna,Poge,496898,LN0057W,EconomyClass,En vuelo
219,Ethe,Metts,476874,TX3063I,ExecutiveClass,En vuelo
220,Sibelle,Giffin,976003,MP2704V,FirstClass,Aterrizado
221,Rickie,Bosma,701435,CY3476P,ExecutiveClass,Demorado
222,Vivia,McQuorkel,197122,UP0593Z,FirstClass,En vuelo
223,Andrei,Rossoni,437469,AX3578C,FirstClass,En Horario
224,Reynold,Rohfsen,589961,MY5819B,ExecutiveClass,Demorado
225,Meriel,Speere,110560,XK6885Y,ExecutiveClass,En Horario
226,Morten,Bennallck,883808,TN5412L,FirstClass,En vuelo
227,Shela,Nutbean,46736,SS3579D,FirstClass,Aterrizado
228,Rosmunda,Amthor,588867,BD8064X,ExecutiveClass,En Horario
229,Merwin,Pressey,113748,OY5538Y,FirstClass,En vuelo
230,Perry,Stoad,386511,MP9622H,EconomyClass,Aterrizado
231,Norrie,Luipold,648437,YP7092N,ExecutiveClass,Aterrizado
232,Anjanette,Naulty,692982,XQ0266I,ExecutiveClass,Aterrizado
233,Jocelyne,Ritzman,790286,JA4000M,FirstClass,En vuelo
234,Hildegaard,Gehrels,914409,IZ8336Y,FirstClass,Demorado
235,Shaina,Churly,671559,WO8054H,FirstClass,En Horario
236,Ruthanne,Dutch,650767,UK8258K,FirstClass,En Horario
237,Hadlee,Chooter,571951,MW8448J,EconomyClass,En vuelo
238,Dex,Banaszczyk,890212,HP7626Z,FirstClass,En vuelo
239,Latrena,Lewty,964483,ZV7680F,FirstClass,Aterrizado
240,Murdock,Mallison,140234,UC5210W,ExecutiveClass,En vuelo
241,Natalya,Stanyforth,561041,ZZ8322P,FirstClass,En Horario
242,Diarmid,Mioni,583829,UB3233L,ExecutiveClass,En Horario
243,Grayce,Szepe,261445,CC0878Z,EconomyClass,Demorado
244,Isobel,Pietroni,463195,AN6678U,FirstClass,Demorado
245,Appolonia,Landeaux,269648,FB9770Q,EconomyClass,Demorado
246,Sheelah,Wellard,51229,PC2220J,FirstClass,En vuelo
247,Avram,Vampouille,248598,TS6294Z,EconomyClass,En vuelo
248,Harrison,Sutherland,270955,JR6669C,FirstClass,En vuelo
249,Janel,Gaythorpe,478726,LF4117W,FirstClass,Demorado
250,Cristine,Kwiek,953383,XU7782L,ExecutiveClass,En vuelo
251,Adoree,Fetherstan,111190,NF5767M,EconomyClass,En vuelo
252,Nigel,Issacoff,195926,UN0223E,ExecutiveClass,Demorado
253,Taffy,Poff,599266,UA4132I,EconomyClass,Aterrizado
254,Petronille,Headington,202950,WB2619L,ExecutiveClass,En Horario
255,Lev,Gierck,655140,QF1422R,EconomyClass,Aterrizado
256,Tyrus,Sibun,324492,SD8380V,ExecutiveClass,En vuelo
257,Neille,Clayton,465049,BD2412I,ExecutiveClass,Demorado
258,Reine,Chittenden,814265,WA2490P,ExecutiveClass,Aterrizado
259,Evey,Crutcher,308688,GW6979V,ExecutiveClass,Aterrizado
260,Reta,Avieson,984319,SY1615V,ExecutiveClass,En vuelo
261,Vinni,Toffolini,892495,XY5474W,EconomyClass,En vuelo
262,Krista,Filchakov,554974,WT7125U,FirstClass,Demorado
263,Delcine,Biggin,809261,MA7879X,ExecutiveClass,Aterrizado
264,Coreen,Mannix,197879,NT1339T,FirstClass,Demorado
265,Zacherie,Lammert,758296,YZ5010I,EconomyClass,Demorado
266,Deanne,Becarra,702757,HW7870Q,FirstClass,Demorado
267,Elwyn,Milliken,690090,UO1118M,ExecutiveClass,En Horario
268,Sibelle,Plott,78397,TA5413Y,FirstClass,Demorado
269,Thibaut,Fanning,846853,XU2209Y,ExecutiveClass,En Horario
270,Petunia,Ben,744883,SW4402C,FirstClass,Aterrizado
271,Brien,Vanacci,959369,LF7601I,FirstClass,En vuelo
272,Brinna,Huguenet,31491,EO7678S,EconomyClass,En vuelo
273,Jordon,Laurent,173447,ZO1438C,ExecutiveClass,En vuelo
274,Marin,Meadley,827765,EF0666I,FirstClass,Demorado
275,Clemmy,Renshaw,571799,QP7798C,ExecutiveClass,Aterrizado
276,Larissa,Copping,684988,VR2065I,EconomyClass,Demorado
277,Ginnifer,Headon,818948,VH7075Y,EconomyClass,En Horario
278,Cirillo,Gue,383891,KZ3139A,ExecutiveClass,En Horario
279,Glynis,Davidov,24459,EN5124U,FirstClass,En Horario
280,Natalie,Origin,562230,EW5965N,ExecutiveClass,Demorado
281,Elka,Bettam,665395,XJ6399I,FirstClass,Aterrizado
282,Beltran,Beardsley,876895,LW3589X,ExecutiveClass,Demorado
283,Engracia,Blastock,607508,UA8440B,EconomyClass,Demorado
284,Josselyn,OHoolahan,838397,AA9966S,EconomyClass,Demorado
285,Sheff,Laughlan,575515,GP2573O,ExecutiveClass,Aterrizado
286,Clarke,Station,192390,KX9147F,ExecutiveClass,En Horario
287,Harrie,DeMeyer,504304,IT4648W,ExecutiveClass,En vuelo
288,Aeriell,Lamond,172458,EZ3616L,FirstClass,Demorado
289,Anselm,Wooff,350268,FJ9164C,EconomyClass,En Horario
290,Valentin,Emburey,407092,ST4472S,ExecutiveClass,En vuelo
291,Daniela,Gwynne,233552,GD6970N,EconomyClass,Demorado
292,Maurita,Shervil,399687,KE1986R,FirstClass,En Horario
293,Gregorius,Pacht,761144,LR8971E,EconomyClass,En Horario
294,Darleen,Cunnington,55639,UU5862C,FirstClass,Demorado
295,Phaedra,Berry,958208,ZO1215O,FirstClass,Aterrizado
296,Lorine,Glennard,836527,MI3919D,ExecutiveClass,Aterrizado
297,Dolores,Damiata,834983,WQ1898C,ExecutiveClass,Demorado
298,Luther,Battell,192993,LA5667Z,EconomyClass,En vuelo
299,Laurie,Espinay,813129,KG8509W,ExecutiveClass,Demorado
300,Elka,Guilfoyle,353516,FV7154X,FirstClass,En Horario
301,Wally,Pulley,417460,JE1329W,FirstClass,Demorado
302,Bryn,Seager,369589,OA9159L,FirstClass,Aterrizado
303,Bentlee,Pischel,536198,ER1048I,EconomyClass,En vuelo
304,Gwyneth,Bockmann,331443,MA2603T,FirstClass,Demorado
305,Teresina,Cook,613650,RI8242P,FirstClass,Demorado
306,Hansiain,Jaime,940637,AR5567N,ExecutiveClass,Demorado
307,Gabie,Klimp,640805,LY9179N,EconomyClass,En Horario
308,Ameline,Aldwick,186060,PC6776G,ExecutiveClass,Aterrizado
309,Meryl,Padley,288258,JO6593I,FirstClass,En Horario
310,Freddy,Arsnell,836936,LR8464V,ExecutiveClass,En vuelo
311,Dehlia,Pocke,440574,NP1112B,EconomyClass,En vuelo
312,Melvin,Hughill,515795,WV0099M,ExecutiveClass,En vuelo
313,Hatty,Matzke,89114,OE3431B,FirstClass,En Horario
314,Omar,Gianulli,417925,QN8101F,EconomyClass,Aterrizado
315,Bevin,Melbourn,945566,SZ5876I,EconomyClass,Aterrizado
316,Wilhelmine,Clamo,825602,RQ1281S,FirstClass,En Horario
317,Brittany,Columbell,717243,RI9875E,ExecutiveClass,En Horario
318,Elfie,Glenwright,454130,LF8630M,EconomyClass,En Horario
319,Uriel,Ginsie,412891,IU5141Q,FirstClass,En Horario
320,Leisha,Faulds,893332,OE6997U,EconomyClass,Aterrizado
321,Daren,Clemonts,473488,ZZ8664C,ExecutiveClass,Demorado
322,Ario,Dellow,457148,ZJ7509M,FirstClass,En Horario
323,Robinetta,Erickson,45334,HC8822T,FirstClass,Aterrizado
324,Lezlie,Dawtre,240018,IO1190X,EconomyClass,Demorado
325,Annetta,Troup,278497,IQ9249D,ExecutiveClass,Aterrizado
326,Emogene,Burdfield,358365,PX1548I,EconomyClass,Aterrizado
327,Donelle,Ockleshaw,288095,JM4818I,ExecutiveClass,En vuelo
328,Constantino,Rubertelli,211115,DB5644S,ExecutiveClass,En vuelo
329,Joelle,Haining,419221,LV2118R,ExecutiveClass,Aterrizado
330,Mallissa,Chillcot,454260,ZP1175S,ExecutiveClass,Demorado
331,Addi,Northcott,970789,PE7700E,EconomyClass,En vuelo
332,Carla,Shurman,672619,VE6925W,EconomyClass,En vuelo
333,Garnet,Yablsley,736172,ZT6875X,EconomyClass,Demorado
334,Bartlett,Siddon,805390,UZ6552W,ExecutiveClass,En Horario
335,Danit,LeFleming,862220,HH8898B,EconomyClass,Aterrizado
336,Madelin,Westhead,246150,JJ3042E,FirstClass,Demorado
337,Heida,Schoffel,595911,PM7988T,FirstClass,En vuelo
338,Nicki,Crawley,344960,FR3044N,ExecutiveClass,En Horario
339,Nance,Ruddiman,466690,NW2526M,ExecutiveClass,Demorado
340,Sharline,Willimont,323024,OT3073Z,EconomyClass,Aterrizado
341,Quinta,Clougher,597807,KQ7625C,ExecutiveClass,En Horario
342,Joey,Chape,301030,BQ3956F,FirstClass,En Horario
343,Crissy,Manuelli,381589,ZU3096Z,EconomyClass,En Horario
344,Asher,Richings,284088,QW7686N,FirstClass,En vuelo
345,Cari,Keppin,580602,YV6257Q,FirstClass,En vuelo
346,Barri,Goodship,535897,FQ0942E,FirstClass,Demorado
347,Drud,Toe,72717,WG8808V,FirstClass,En Horario
348,Marcella,Pugh,73445,FR5377G,ExecutiveClass,Aterrizado
349,Christy,Willbond,756879,LD4915T,EconomyClass,Aterrizado
350,Darleen,Rhucroft,975572,SA8102J,FirstClass,En Horario
351,Gideon,Aykroyd,560432,CT0625K,ExecutiveClass,En Horario
352,Bird,Levee,37207,YO7953I,EconomyClass,Demorado
353,Amaleta,Bastiman,339545,SA8741K,EconomyClass,En vuelo
354,Kari,Persian,753742,MX9245V,EconomyClass,En vuelo
355,Matthieu,Strood,841227,XG7485N,ExecutiveClass,En vuelo
356,Helenka,Amos,543593,WW0661E,FirstClass,Demorado
357,Reese,Mapham,94210,TQ3741C,EconomyClass,En Horario
358,Tanya,Lightoller,16593,XC5333L,FirstClass,Aterrizado
359,Ruthy,Gowland,363321,MB0620E,EconomyClass,En vuelo
360,Everett,Jaggs,21459,SA2131Y,FirstClass,Demorado
361,Chantalle,Hinckesman,886599,FN1272B,EconomyClass,Demorado
362,Adler,Crocroft,103626,NH1519B,ExecutiveClass,Demorado
363,Micky,Severy,93582,ZF0261X,FirstClass,Aterrizado
364,Guy,Fawckner,128092,IQ4559M,ExecutiveClass,En Horario
365,Cassandre,McMurty,259116,AK4780A,ExecutiveClass,En vuelo
366,Anabella,Huglin,572015,NY4213K,EconomyClass,En Horario
367,Myrvyn,McKern,610334,VN5904S,FirstClass,Aterrizado
368,Owen,Hinrich,441653,BQ4769X,ExecutiveClass,En Horario
369,Fabien,Seals,665745,EN8520Z,FirstClass,En Horario
370,Cassi,Boeter,491224,PK5076V,ExecutiveClass,En vuelo
371,Nicky,Cadagan,233446,FK3492X,EconomyClass,Aterrizado
372,Faydra,Ramelet,544948,ZL8301J,FirstClass,Aterrizado
373,Kevan,Caswill,157280,IU4102N,ExecutiveClass,Aterrizado
374,Paulie,Awty,820446,DD3492M,FirstClass,Aterrizado
375,Erhard,Heinzler,351781,CO7333L,ExecutiveClass,En Horario
376,Feliks,Ruddock,157463,TZ3248X,ExecutiveClass,Aterrizado
377,Petunia,Lendrem,971040,LV4004W,FirstClass,Aterrizado
378,Kirbee,Greyes,27754,AP1506Y,FirstClass,Aterrizado
379,Cris,Kaindl,822977,IL9984H,EconomyClass,Demorado
380,Shirlene,Frary,981562,EF6206L,EconomyClass,En Horario
381,Leela,Follet,462593,MG5312Z,FirstClass,En Horario
382,Dianne,Wolland,977910,DY7937Q,FirstClass,Aterrizado
383,Graeme,Drinnan,606647,QM8905A,ExecutiveClass,En vuelo
384,Aldon,Tolumello,755142,UO8960F,EconomyClass,Aterrizado
385,Manya,Likly,496233,UX7662W,ExecutiveClass,Aterrizado
386,Gay,Elkington,121698,KB9190U,EconomyClass,En Horario
387,Carlyn,Wilflinger,384870,OJ3458V,FirstClass,En Horario
388,Sonnie,Axten,726500,YN5721B,FirstClass,Aterrizado
389,Lois,Shawcross,415214,DI6862W,FirstClass,Demorado
390,Gar,Carabet,941304,EF6902Z,EconomyClass,Aterrizado
391,Aprilette,Carnaman,706742,QD7453A,ExecutiveClass,En Horario
392,Skipton,Bromage,802646,TY7800K,FirstClass,En vuelo
393,Reiko,Swarbrigg,948118,OM0217W,EconomyClass,En Horario
394,Natassia,McMechan,231718,II9270F,EconomyClass,Demorado
395,Brand,Ravens,539183,UG5942E,ExecutiveClass,En vuelo
396,Magdalena,Patman,280083,KY6608D,FirstClass,En Horario
397,Othilia,Blease,55740,JN4130J,EconomyClass,En vuelo
398,Tarrance,Trayte,630236,KA1006I,EconomyClass,Demorado
399,Billie,Diperaus,364369,NA5969O,FirstClass,Aterrizado
400,Katinka,McKelvie,519871,TZ5161Z,ExecutiveClass,En Horario
401,Laurice,Vescovo,626508,KE1057S,EconomyClass,Demorado
402,Nissie,Ballam,467317,EU4643E,EconomyClass,En Horario
403,Catlee,Staker,153541,KD6782L,ExecutiveClass,En vuelo
404,Norris,McGinty,578811,EA8373U,FirstClass,Aterrizado
405,Sydney,Kornas,548525,NZ2779R,EconomyClass,En vuelo
406,Rosetta,Chaudron,360695,HB1069E,EconomyClass,Demorado
407,Ignace,Kline,989126,DS5887K,ExecutiveClass,Demorado
408,Gustav,Ridolfi,868176,HR0224K,FirstClass,En Horario
409,Elnar,Smithies,980728,CB5758S,FirstClass,Aterrizado
410,Fayette,Wildes,242963,XQ5066T,EconomyClass,En vuelo
411,Gannie,Yele,175345,PO9267P,ExecutiveClass,En vuelo
412,Esma,Stanford,500506,PK4329Y,EconomyClass,Demorado
413,Dasi,Town,452955,TV9483H,FirstClass,En Horario
414,Joela,Renton,373937,YW9954L,EconomyClass,En vuelo
415,Glori,Escolme,161215,VA8105A,FirstClass,Demorado
416,Carina,Gittens,990209,HW5831H,FirstClass,En Horario
417,Vevay,Giannini,99050,CL5152L,EconomyClass,En Horario
418,Andrus,Lincey,702713,AO1708Z,FirstClass,Demorado
419,Cull,Joint,976675,KZ3776C,ExecutiveClass,Aterrizado
420,Van,Mulroy,438799,DB9840P,EconomyClass,Demorado
421,Orrin,Onslow,586119,PH4189D,ExecutiveClass,En vuelo
422,Johnath,Dane,894063,NL7314B,EconomyClass,En Horario
423,Morissa,Ledley,649981,UN5311U,FirstClass,Aterrizado
424,Odessa,Leetham,415992,UJ2978H,EconomyClass,Demorado
425,Nikoletta,Gianulli,241663,GZ2589H,FirstClass,En vuelo
426,Humberto,Bruntjen,511724,HT1443R,FirstClass,En vuelo
427,Alvie,ODee,286278,WK8130V,ExecutiveClass,Demorado
428,Rickie,Sommerscales,551081,RR3542R,EconomyClass,Aterrizado
429,Osbourn,Stoffel,51608,MM1800X,FirstClass,Aterrizado
430,Rodolfo,Bushrod,30961,YM4506X,EconomyClass,En Horario
431,Laurens,Barrowcliffe,461109,EQ3469U,FirstClass,Demorado
432,Helenka,Letertre,658596,JZ3586R,EconomyClass,Demorado
433,Brooke,Kellen,360036,MV8671D,EconomyClass,En vuelo
434,Enrika,Keedy,32333,PO9013B,FirstClass,En Horario
435,Rustin,Cawdell,932214,ZF0107E,FirstClass,En Horario
436,Evelin,Heineken,983083,KC5301C,ExecutiveClass,En vuelo
437,Maridel,Winterson,78378,UZ0663A,FirstClass,En vuelo
438,Des,Romand,209390,TJ4641O,ExecutiveClass,Demorado
439,Sophey,Gooderridge,720395,HN2958L,FirstClass,En vuelo
440,Briano,Carlon,579839,BQ8635N,ExecutiveClass,En Horario
441,Borg,Chapman,923844,KL6395D,FirstClass,Demorado
442,Edan,Burland,639698,KC8498W,ExecutiveClass,Demorado
443,Silas,Wetheril,340488,NW8225P,FirstClass,Aterrizado
444,Herrick,Kemshell,810915,ST5670H,FirstClass,En Horario
445,Miltie,Duding,707440,HA6608Y,EconomyClass,En Horario
446,Goldarina,Paniman,430328,WW2168R,ExecutiveClass,En vuelo
447,Louisette,Applegate,12051,QR2798Z,ExecutiveClass,Aterrizado
448,Desiri,Franschini,973447,XN9718W,ExecutiveClass,Aterrizado
449,Dalt,Hatz,133834,UA4361P,ExecutiveClass,Demorado
450,Bernete,Ramirez,494346,ED8839R,ExecutiveClass,En Horario
451,Bamby,Rama,348289,OP8653F,EconomyClass,Demorado
452,Valentine,Larose,298233,KO1823A,FirstClass,En Horario
453,Charita,Shergold,311217,QD3041N,FirstClass,En vuelo
454,Reeva,Legier,716531,QM4331Z,FirstClass,Demorado
455,Vitoria,Hawkes,147868,FY3729O,ExecutiveClass,En Horario
456,Jarrad,Wicher,529405,DO1351D,FirstClass,Aterrizado
457,Cullin,Smewing,357334,WW3246N,ExecutiveClass,En Horario
458,Berton,Haggerty,656241,FE5622T,EconomyClass,Demorado
459,Windy,Duinkerk,688150,GJ2562A,FirstClass,En Horario
460,Judon,Huckel,582434,MG7481B,ExecutiveClass,Demorado
461,Bronny,Lunam,500587,XG1325X,EconomyClass,En Horario
462,Amii,Grandin,252992,DT7738C,ExecutiveClass,En Horario
463,Martino,Spurrier,57111,BC7889P,ExecutiveClass,Aterrizado
464,Dewie,Hindrich,758789,TI5896B,FirstClass,Aterrizado
465,Barri,Mitford,378964,WM9238J,EconomyClass,En vuelo
466,Hyacinth,Halsworth,353,ME0502Z,FirstClass,En vuelo
467,Shirl,Simeons,113932,DH7473I,EconomyClass,En vuelo
468,Leonid,Westphal,275807,LR0116X,ExecutiveClass,Aterrizado
469,Minor,Winchcombe,400362,BS5110B,EconomyClass,Aterrizado
470,Sheree,Ben,933167,FK7497C,EconomyClass,En Horario
471,Shelagh,Silversmid,123193,KB8742Y,EconomyClass,En Horario
472,Jarrod,Basford,920396,AY8496T,EconomyClass,En vuelo
473,Lou,Manifield,990658,JE6950E,FirstClass,Demorado
474,Frannie,Matfin,536096,KJ3466X,EconomyClass,Demorado
475,Gordon,Thebeaud,283,XY9270N,EconomyClass,En Horario
476,Evangelina,Faulkener,627920,CQ8935O,ExecutiveClass,Aterrizado
477,Von,Laughtisse,763742,MC0989Z,ExecutiveClass,En Horario
478,Abagael,Pincked,178420,MV6815X,ExecutiveClass,En Horario
479,Emogene,Rosenvasser,16216,EH5471O,FirstClass,En Horario
480,Broderick,Yardy,637522,KK0506R,FirstClass,Demorado
481,Truda,Ferrotti,280686,GE6400T,FirstClass,En Horario
482,Noah,Reddish,601623,EZ9154A,ExecutiveClass,Aterrizado
483,Jedidiah,Stannislawski,534945,RV4838J,EconomyClass,Demorado
484,Hugh,Lynd,393001,KZ7736R,FirstClass,Demorado
485,Petey,Sherebrooke,604523,BB2973M,EconomyClass,Demorado
486,Conan,Took,960338,QD0004C,FirstClass,En vuelo
487,Randene,Rubie,357981,XC7298S,EconomyClass,Aterrizado
488,Clarey,Ingamells,674369,QC0921L,EconomyClass,En Horario
489,Andeee,Swate,883564,PH5210T,EconomyClass,En vuelo
490,Clemmy,Witts,273684,MV2104I,EconomyClass,En Horario
491,Nathanael,Labbey,737389,PL7155A,FirstClass,Aterrizado
492,Allyce,Pinks,682104,FJ8496G,EconomyClass,En Horario
493,Dasie,Pomfret,454263,QD6106P,EconomyClass,Demorado
494,Bradley,Minifie,810311,QV8579D,ExecutiveClass,Aterrizado
495,Lindi,Corker,6452,FO7997G,ExecutiveClass,Demorado
496,Nelie,Mularkey,941679,AE1674E,ExecutiveClass,Aterrizado
497,Bertie,Bold,952788,VO0800G,FirstClass,Aterrizado
498,Harli,Lyall,130990,JP0575X,EconomyClass,En vuelo
499,Nathalia,Spickett,367605,BB4933L,ExecutiveClass,En Horario
500,Skippie,Battaille,496843,KX1869N,FirstClass,Aterrizado
501,Victor,Ruste,450088,IX7077E,EconomyClass,En Horario
502,Luella,Stammers,503209,QZ0781W,ExecutiveClass,En Horario
503,Susann,Hugueville,332580,HI0481R,EconomyClass,Aterrizado
504,Susette,Gutteridge,917419,TM4445R,FirstClass,En vuelo
505,Mycah,deLeon,530741,HB0807U,FirstClass,En Horario
506,Bond,Crisall,181142,RO0057P,FirstClass,En vuelo
507,Nara,Stormont,561914,DJ0815W,EconomyClass,En vuelo
508,Penn,Bulgen,780067,NU0599X,EconomyClass,En vuelo
509,Dinny,Challener,353766,JV9220G,FirstClass,En vuelo
510,Cosme,Quene,350935,YT3271N,FirstClass,Demorado
511,Caresse,Cote,825471,IP3690Q,FirstClass,En Horario
512,Maressa,Clout,3141,RJ6082Y,EconomyClass,En vuelo
513,Darn,McKaile,450688,XK5082R,EconomyClass,En vuelo
514,Renae,Bines,690745,NJ2376O,EconomyClass,En vuelo
515,Pamela,Raccio,691409,QB9880U,ExecutiveClass,En Horario
516,Lanna,Trounce,230520,QJ0555C,FirstClass,Aterrizado
517,Chickie,Hainning,166084,HW5332O,FirstClass,Demorado
518,Heath,Predohl,630306,BR8972S,EconomyClass,Demorado
519,Borg,Isakson,455646,AI5424Q,FirstClass,En vuelo
520,Bethany,Eck,688426,GO4965C,FirstClass,Aterrizado
521,Linzy,Bloxsom,50698,HK0513X,FirstClass,Demorado
522,Drake,Showering,582714,QK3488V,FirstClass,En vuelo
523,Oneida,Polland,268337,UT4343F,EconomyClass,En Horario
524,Shaine,Filler,526062,ZB6386W,ExecutiveClass,Aterrizado
525,Koren,Doerrling,859738,JI8999L,FirstClass,En vuelo
526,Tallie,Gethins,535310,ZJ7525I,FirstClass,Aterrizado
527,Chucho,Poveleye,973405,WQ6253H,FirstClass,Aterrizado
528,Arlette,Jendrassik,6331,RN7796O,FirstClass,Aterrizado
529,Costanza,Whysall,899120,CW5326T,ExecutiveClass,En vuelo
530,Aldo,Prisk,589315,JI1694S,EconomyClass,Aterrizado
531,Claudette,Rawle,910667,ZB9667E,ExecutiveClass,Aterrizado
532,Terrijo,OTimony,327240,RH5023Z,FirstClass,Demorado
533,Alica,Sholem,168904,TZ8514X,EconomyClass,Aterrizado
534,Minnie,Pollastro,451368,AE9663G,ExecutiveClass,En Horario
535,Bond,Pead,552761,EA0269E,EconomyClass,Demorado
536,Maggi,Giacovazzo,889968,MT8532J,EconomyClass,En Horario
537,Brendon,McKendo,565050,YG3319C,EconomyClass,En vuelo
538,Jessalin,Heugle,179301,FI9496D,ExecutiveClass,Demorado
539,Darci,Mulbry,388051,IA6647T,EconomyClass,Demorado
540,Ram,Symmons,560228,RY9026X,FirstClass,En vuelo
541,Anstice,McAne,210801,HH9751G,ExecutiveClass,En Horario
542,Salli,Dresser,130665,OM9967D,FirstClass,Aterrizado
543,Julio,Lentsch,298,EB1768E,ExecutiveClass,Aterrizado
544,Rosaline,MacMickan,911102,LL8921I,ExecutiveClass,Aterrizado
545,Lutero,Sulman,807789,ST3019A,FirstClass,Demorado
546,Rafaello,Middle,894826,GK6152E,ExecutiveClass,Aterrizado
547,Tripp,Impett,236654,VP4028E,FirstClass,Demorado
548,Becca,Bantham,199640,NO8253U,EconomyClass,En Horario
549,Jemimah,Cutmore,860428,FB9141L,FirstClass,Demorado
550,Gare,Graben,678464,CW3786Z,EconomyClass,En vuelo
551,Christabel,Buse,831518,RO4475U,FirstClass,En Horario
552,Alene,Lancett,147425,YL9156M,ExecutiveClass,En Horario
553,Selie,Grannell,895245,PI5718I,EconomyClass,Demorado
554,Monte,Meadley,956547,WA4725W,ExecutiveClass,Aterrizado
555,Padraig,Cockran,659152,HS7140K,EconomyClass,Demorado
556,Mandie,Schiefersten,797993,ON1695E,ExecutiveClass,En vuelo
557,Roseanne,DeCristoforo,765912,WX2254I,EconomyClass,En vuelo
558,Holt,Killelay,808083,IK5586I,ExecutiveClass,Aterrizado
559,Bentley,Oldale,557546,LO3659R,EconomyClass,Aterrizado
560,Ennis,Camelli,951134,TN2116N,EconomyClass,En vuelo
561,Moe,Manes,816518,KA7244A,EconomyClass,En Horario
562,Jenilee,Thacker,523738,RQ1100M,ExecutiveClass,En vuelo
563,Aubrey,Gostall,139422,VG5126J,ExecutiveClass,Demorado
564,Elbertine,Patrie,103064,AH6938Q,ExecutiveClass,En vuelo
565,Neila,Darragon,71854,NS8642N,FirstClass,En Horario
566,Chance,Fausset,490444,LM7120M,ExecutiveClass,Demorado
567,Maude,Fyrth,585766,OH7172I,EconomyClass,Demorado
568,Trix,Emlyn,142706,WX1821R,ExecutiveClass,En Horario
569,Dale,Traves,610353,NV3824M,FirstClass,Aterrizado
570,Christa,Gutcher,415844,PA9209O,EconomyClass,Aterrizado
571,Caz,Farenden,465201,QN5789O,EconomyClass,Demorado
572,Frants,Glashby,19869,WP2964R,FirstClass,En vuelo
573,Pat,Jobke,117986,ZJ0357G,ExecutiveClass,En vuelo
574,Amabelle,Tupling,140618,PW8728O,ExecutiveClass,Demorado
575,Denny,Bassford,694700,NR2414T,ExecutiveClass,Aterrizado
576,Alidia,Arden,119771,CP2842Z,FirstClass,En Horario
577,Zacharias,Plester,12857,SO6905C,EconomyClass,En Horario
578,Roanna,Burtonwood,155951,TQ4242C,EconomyClass,Demorado
579,Demott,Grodden,2334,CQ2655V,FirstClass,Demorado
580,Colby,Thickin,638597,VL2700I,EconomyClass,En Horario
581,Alexandrina,Philipeau,87280,MT4455Z,ExecutiveClass,Demorado
582,Darline,Pidgin,252735,OA7914Y,EconomyClass,Aterrizado
583,Eran,Slark,151958,XL4572Q,ExecutiveClass,Demorado
584,Terese,Aulsford,473517,BK8784E,EconomyClass,Aterrizado
585,Eliot,Guerriero,603949,VA8024G,FirstClass,En Horario
586,Sherilyn,Goodger,218892,FM1830J,FirstClass,En vuelo
587,Frankie,Koenen,259356,GI5932E,FirstClass,En vuelo
588,Rip,Linny,791196,BA2208V,ExecutiveClass,En vuelo
589,Rinaldo,DeRechter,101610,XE2790L,ExecutiveClass,Aterrizado
590,Lewie,Dicker,163537,IN7594H,ExecutiveClass,Aterrizado
591,Ynes,Trunchion,934808,FB1968S,ExecutiveClass,En Horario
592,Thorvald,Marian,475015,DN7020M,EconomyClass,Aterrizado
593,Kamilah,Filipic,187123,KP9398Z,ExecutiveClass,Demorado
594,Land,Aucoate,338216,AL0940B,EconomyClass,En vuelo
595,Shermy,McTague,18378,GN1334I,FirstClass,Demorado
596,Edgar,Ivanchin,176816,IL3276N,ExecutiveClass,Aterrizado
597,Calvin,Male,617408,PF5435Q,FirstClass,Demorado
598,Sayers,Bernhardsson,581192,ZA4450A,ExecutiveClass,Demorado
599,Richmond,Gummery,30939,DX1603Z,FirstClass,Aterrizado
600,Jacynth,Strongitharm,77724,ED3669L,FirstClass,En vuelo
601,Bren,Braz,891460,TC1833Z,ExecutiveClass,Demorado
602,Muffin,Parram,440558,XU5908C,ExecutiveClass,Aterrizado
603,Odelle,Horbart,597503,EX3234A,FirstClass,En vuelo
604,Brunhilde,Trevithick,34403,DI4490W,EconomyClass,Demorado
605,Bronson,Dreng,115782,RA7528O,EconomyClass,En vuelo
606,Ora,Ornells,595281,TG9014W,EconomyClass,En vuelo
607,Ede,Ivel,752676,SG2576Q,ExecutiveClass,Demorado
608,Shannen,Steinson,703155,JN1881M,EconomyClass,En Horario
609,Care,Sommerlie,585578,BQ2006P,ExecutiveClass,Demorado
610,Dara,Lansberry,229382,ZW8888E,FirstClass,En Horario
611,Den,Tesseyman,914185,ZU8861E,EconomyClass,En vuelo
612,Granny,Billborough,349432,GP4559T,FirstClass,En Horario
613,Sharl,DeVereHunt,99783,FF5240P,ExecutiveClass,En vuelo
614,Tanitansy,MacNelly,282893,ZN2101T,ExecutiveClass,Aterrizado
615,Jaymie,Flitcroft,729084,QN2247L,ExecutiveClass,En Horario
616,Addy,MacClenan,588996,BH4134R,FirstClass,En Horario
617,Zorana,Hellen,611254,QK6055F,FirstClass,En vuelo
618,Saidee,Sherlock,680870,TB0687F,FirstClass,Demorado
619,Pryce,Belward,27039,HS4993M,EconomyClass,En vuelo
620,Fey,Mahony,900244,YX0692H,FirstClass,Demorado
621,Alena,Jeffes,482070,GX8125R,ExecutiveClass,En vuelo
622,Clywd,Celes,365579,KP8756E,ExecutiveClass,Aterrizado
623,Grissel,Dobbin,914560,PN9423A,FirstClass,En vuelo
624,Storm,Lindman,210260,RP9712I,EconomyClass,En Horario
625,Suki,Prendeguest,489008,YG8995T,EconomyClass,Aterrizado
626,Valina,Tomasicchio,87981,MD0436J,ExecutiveClass,Aterrizado
627,Raynard,VanArsdall,73385,CT7800Q,FirstClass,Aterrizado
628,Susann,Simenot,802888,QR9361K,EconomyClass,Demorado
629,Ettore,Dillon,314806,IH3324O,ExecutiveClass,Aterrizado
630,Harald,Potts,487686,VB9425E,FirstClass,En vuelo
631,Bevon,Powlett,238647,IN6727U,FirstClass,Demorado
632,Jervis,Furzey,886180,PJ9687R,ExecutiveClass,Aterrizado
633,Orsola,Losebie,762249,BJ6450V,EconomyClass,Aterrizado
634,Madison,Pietrowicz,381695,SQ0800J,EconomyClass,En vuelo
635,Marketa,Babon,783171,YJ6352S,ExecutiveClass,En Horario
636,Lebbie,Judron,687899,HJ5513V,ExecutiveClass,Aterrizado
637,Terrye,Seedhouse,387063,LU8558I,ExecutiveClass,Aterrizado
638,Jeremiah,Carbonell,621232,PT7036A,FirstClass,En Horario
639,Rolando,Wheldon,709923,DS6769D,ExecutiveClass,Demorado
640,Glendon,ORudden,768079,OO9308P,ExecutiveClass,En Horario
641,Garret,Tanser,709224,UO6942F,FirstClass,En Horario
642,Fancie,Wretham,612668,SG0035P,ExecutiveClass,Demorado
643,Rourke,Mold,465150,XF5214X,ExecutiveClass,En Horario
644,Kiley,Hazart,86977,GD4615O,FirstClass,En Horario
645,Noami,Rosendahl,955034,JS6336Q,ExecutiveClass,Aterrizado
646,Meredith,Gillion,647639,XL6778J,EconomyClass,En Horario
647,Heddie,Overbury,74335,TT7996S,FirstClass,En Horario
648,Elisha,Heaslip,590804,PY6817Z,FirstClass,Aterrizado
649,Shirleen,Tinn,63612,NW2198I,ExecutiveClass,Demorado
650,Aguistin,Ritchie,987179,VL6366W,ExecutiveClass,En Horario
651,Jaymie,Dyball,19682,IV9405H,FirstClass,Aterrizado
652,Deidre,Buglar,809277,ST6695T,FirstClass,Demorado
653,Leodora,Blomefield,682607,BX1221V,EconomyClass,Aterrizado
654,Drew,Maharey,776146,GP2039K,FirstClass,En Horario
655,Bobbie,Ankrett,869182,BO3899T,EconomyClass,Demorado
656,Allx,Puckring,340948,RS3093F,EconomyClass,En Horario
657,Rudolf,Baudone,636040,CU0605K,FirstClass,Demorado
658,Lyn,Levick,400522,CO4324Z,EconomyClass,En vuelo
659,Marlie,Heinel,445540,BT7705C,ExecutiveClass,En vuelo
660,Ami,Hathaway,453557,FA5656A,FirstClass,Demorado
661,Sergeant,Leppingwell,398371,ZK5562S,EconomyClass,En vuelo
662,Tarah,Wooff,447900,IU8962Z,FirstClass,En Horario
663,Stanton,Urian,505279,FE2884T,FirstClass,En Horario
664,Gerrilee,Welbelove,226609,JG6380W,FirstClass,En vuelo
665,Brianna,Alps,664735,QT0061M,ExecutiveClass,En Horario
666,Wilow,Heatly,642756,PH9954K,EconomyClass,Demorado
667,Valery,Oakland,714621,KM1996V,ExecutiveClass,En vuelo
668,Barbi,Mixworthy,97358,XA8924Z,ExecutiveClass,En vuelo
669,Herbie,Lawrinson,67287,QL4125S,ExecutiveClass,En Horario
670,Peterus,Ollet,859875,MM9272I,EconomyClass,En vuelo
671,Caroline,Roebottom,313044,HY1041U,ExecutiveClass,En vuelo
672,Amye,Kaveney,126070,XG8254K,EconomyClass,Aterrizado
673,Heather,Vice,175141,KQ7063J,EconomyClass,Aterrizado
674,Blanch,Mussington,999556,DJ2696R,ExecutiveClass,Aterrizado
675,Desmund,Bleiman,461163,UX9208V,FirstClass,Demorado
676,Prescott,Linnock,180904,FL4826Q,EconomyClass,Demorado
677,Elton,Hawksley,46063,ZD1095E,FirstClass,Demorado
678,Barbe,McRobb,9400,TF3137G,FirstClass,En vuelo
679,Mathilda,Disney,869529,CM5426G,FirstClass,Demorado
680,Kaylee,Layman,937671,EW9986N,ExecutiveClass,Aterrizado
681,Cecil,Clery,588594,YM9116H,ExecutiveClass,Aterrizado
682,Johny,Miranda,303614,BV2856Z,FirstClass,Aterrizado
683,Teodora,Brason,126340,WM1915A,EconomyClass,En vuelo
684,Ryley,Joye,186532,TI8833Z,FirstClass,En vuelo
685,Pincus,Chiddy,405377,BZ1305K,ExecutiveClass,En Horario
686,Gibbie,Sollner,555038,KN8970Q,EconomyClass,Demorado
687,Rutherford,Dawton,78635,XW1618L,FirstClass,En Horario
688,Paxton,Vasler,916474,HR9378B,ExecutiveClass,Demorado
689,Consolata,Tongs,19781,AL0029D,EconomyClass,En vuelo
690,Burnard,Merrill,657988,SF1409F,EconomyClass,En vuelo
691,Silas,Thow,927677,YK3888I,FirstClass,En vuelo
692,Kenny,Driscoll,818726,JR1461F,FirstClass,En Horario
693,Maxy,Cadden,748992,XN0577D,ExecutiveClass,Demorado
694,Manya,Snow,568508,FA1049T,ExecutiveClass,En vuelo
695,Marcela,Hazelgrove,661890,VL3317E,EconomyClass,Aterrizado
696,Franchot,Jenk,378997,ZP2935S,EconomyClass,En vuelo
697,Hagen,Benedito,866320,LA7533R,ExecutiveClass,En vuelo
698,Darius,Hugnot,152551,MT3471U,ExecutiveClass,Demorado
699,Thorn,Poulden,879439,VS7180C,ExecutiveClass,En Horario
700,Wynn,Jedrzaszkiewicz,343095,MY8444U,ExecutiveClass,Aterrizado
701,Randa,Childes,1623,NV1735V,EconomyClass,Demorado
702,Portia,Craker,526280,VU7739L,FirstClass,Aterrizado
703,Genevra,Begbie,857618,DW3306G,EconomyClass,En vuelo
704,Dyanne,Kryzhov,290904,JJ9452E,FirstClass,En vuelo
705,Salmon,Baltrushaitis,662143,JT8080C,ExecutiveClass,Demorado
706,Cecily,Bruggeman,204400,EV1844C,ExecutiveClass,Demorado
707,Daniella,Kermeen,314597,QF1387S,FirstClass,En Horario
708,Rosemary,Marden,406407,RE7412D,FirstClass,En Horario
709,Dun,MacManus,844751,AV4015N,FirstClass,Aterrizado
710,Marcellus,Stiddard,229527,AD9186P,EconomyClass,En vuelo
711,Aryn,Lippini,368970,NQ6141M,EconomyClass,En Horario
712,Vivienne,Reyna,366768,SG2584Y,ExecutiveClass,En Horario
713,Renaud,Jacks,964212,LQ4827F,ExecutiveClass,En Horario
714,Xavier,Mearns,587921,MY1389O,FirstClass,En Horario
715,Natasha,Flatley,853348,OJ7956V,FirstClass,En Horario
716,Roth,Inchley,678120,RF6372H,EconomyClass,En vuelo
717,Walker,Razzell,744369,ZE4355W,EconomyClass,En vuelo
718,Steve,Cham,762787,IK4388O,FirstClass,Demorado
719,Helga,Zisneros,683079,QQ3009H,ExecutiveClass,En vuelo
720,Rosamond,Turner,994257,DC9355O,EconomyClass,Demorado
721,Isobel,Patel,353381,IB0978M,ExecutiveClass,En Horario
722,Bunni,Paramore,610288,BE4010Z,ExecutiveClass,En vuelo
723,Constantia,Hanway,64074,GD1749Q,FirstClass,Demorado
724,Hinda,Tilberry,677755,YT2940N,EconomyClass,En Horario
725,Carissa,Dullard,329027,UO3944M,ExecutiveClass,Demorado
726,Hermione,Danaher,379426,SP7017I,ExecutiveClass,Aterrizado
727,Hildegarde,Aubert,652714,HD7900Z,ExecutiveClass,En vuelo
728,Leigh,Farrow,525485,BA0101U,ExecutiveClass,En vuelo
729,Dilly,Chicchetto,228281,JQ2375J,ExecutiveClass,Aterrizado
730,Eolande,Pridgeon,526464,HI9728B,FirstClass,Aterrizado
731,Ricca,Highman,185444,MW8770C,FirstClass,Demorado
732,Mohandas,Bannister,376617,BU6778L,EconomyClass,En vuelo
733,Farris,Wellings,766289,XF2023Y,ExecutiveClass,Aterrizado
734,Mattie,Loveguard,253086,NG4319W,FirstClass,En vuelo
735,Adiana,Musprat,627458,XS6724S,EconomyClass,En vuelo
736,Kenton,Nano,711190,IF5680P,FirstClass,Aterrizado
737,Melisande,Bridges,783355,LU3155Y,EconomyClass,Demorado
738,Tammy,Maseyk,320200,RI9767Q,EconomyClass,Demorado
739,Roscoe,Vittle,366970,FY3105X,ExecutiveClass,Aterrizado
740,Natividad,Krolman,690818,DT9966W,ExecutiveClass,En vuelo
741,Keelby,Somerfield,451239,GA6628Q,ExecutiveClass,Aterrizado
742,Daffy,Munns,332668,PA0863A,FirstClass,Demorado
743,Clint,Hambribe,482552,ZI4356F,FirstClass,Demorado
744,Tracey,Romanelli,191843,JB0807N,EconomyClass,Aterrizado
745,Donavon,Virgoe,846258,CM3891S,EconomyClass,Aterrizado
746,Luella,Roy,970566,BK3645L,ExecutiveClass,Aterrizado
747,Thibaut,Rentcome,524916,JQ0920U,ExecutiveClass,En vuelo
748,Denni,Drysdell,25173,PF7160I,EconomyClass,Aterrizado
749,Christoforo,Skamell,840681,CS2422T,EconomyClass,Demorado
750,Kathe,Cramond,811521,SA4597M,EconomyClass,Aterrizado
751,Barbe,Sketcher,367740,NS9453T,EconomyClass,Demorado
752,Adeline,Spofforth,664139,KV7402D,FirstClass,Demorado
753,Mandie,Scruby,667663,FX8111V,EconomyClass,Aterrizado
754,West,Cometto,294734,ZL5756O,ExecutiveClass,Demorado
755,Bessie,Wilbraham,982889,QS3640P,FirstClass,Demorado
756,Kimbell,Jauncey,468996,DF1015Q,FirstClass,En vuelo
757,Noble,Flintoff,610876,RH8628G,FirstClass,En Horario
758,Hewet,Hamelyn,145201,TU5047K,EconomyClass,Aterrizado
759,Tiff,Ayre,826273,KO5603G,ExecutiveClass,Demorado
760,Clara,Tallent,576691,FH7538Z,EconomyClass,Aterrizado
761,Violette,Carlisso,693733,CV6387U,EconomyClass,Demorado
762,Ellary,Youngman,636315,MH0107Q,ExecutiveClass,Demorado
763,Giordano,Kinnon,565947,MT2492O,ExecutiveClass,Aterrizado
764,Brnaby,Redford,638569,FL0660A,ExecutiveClass,En vuelo
765,Fons,Chesshire,169787,QU5732P,ExecutiveClass,En vuelo
766,Retha,Pattie,97225,YT9132U,FirstClass,Demorado
767,Susanetta,Doumerc,225180,CD5296Q,EconomyClass,Aterrizado
768,Deb,Noyes,707293,BQ6409O,EconomyClass,En vuelo
769,Brooks,Unwins,555675,TY9293Q,FirstClass,En Horario
770,Otha,Brunnstein,409068,DV4696Z,EconomyClass,En Horario
771,Glenden,Baysting,655615,DB7721P,ExecutiveClass,Demorado
772,Violetta,Nelthrop,334082,ZX1058R,FirstClass,En vuelo
773,Milli,Roskelly,68187,EM3663U,ExecutiveClass,En vuelo
774,Andree,Ferrini,140218,AB0784M,FirstClass,En vuelo
775,Carlie,Graffin,935551,UP5250Q,EconomyClass,En Horario
776,Catharine,Zannini,90341,EK7422O,FirstClass,Demorado
777,Johannes,Ondrusek,347493,CB0028B,ExecutiveClass,Demorado
778,Gladys,Colleford,51793,ZA2994T,ExecutiveClass,En vuelo
779,Emmet,Borges,957643,CN3711A,ExecutiveClass,Demorado
780,Cherri,Peggrem,757807,IU5275Y,FirstClass,Aterrizado
781,Kelila,Sharpley,759693,JN7879P,EconomyClass,En vuelo
782,Tibold,Pires,817208,YR3186B,EconomyClass,En vuelo
783,Eugenius,Caughte,336808,AV6620H,FirstClass,Aterrizado
784,Mathias,Iianon,916764,RL6548Q,FirstClass,Demorado
785,Karilynn,Terran,510845,QL7805R,ExecutiveClass,Aterrizado
786,Doralyn,Cron,287607,QY7802F,FirstClass,En Horario
787,Andromache,Briatt,424834,ET7831K,EconomyClass,Demorado
788,Bink,Gerhold,884561,YB6144B,EconomyClass,Aterrizado
789,Marcellina,Basham,823247,IA6678N,ExecutiveClass,En Horario
790,Clint,Rollitt,305512,ZF0147Z,EconomyClass,Aterrizado
791,Caro,Boyer,168380,GR7418R,ExecutiveClass,Aterrizado
792,Deane,Souley,193144,VJ8383N,FirstClass,Demorado
793,Mattie,Durie,346987,QL3962G,EconomyClass,En Horario
794,Gaelan,Linton,488633,EP3842D,EconomyClass,En Horario
795,Salomo,Duly,386024,HZ4788M,ExecutiveClass,En vuelo
796,Robers,Thomton,389481,HU0202U,EconomyClass,En Horario
797,Dulcine,Ferreira,337979,LG3844Y,ExecutiveClass,Aterrizado
798,Maynord,Loader,405009,XM0523L,EconomyClass,En Horario
799,Maurits,Tesoe,181981,HL8224T,ExecutiveClass,En vuelo
800,Nell,Deam,419661,LZ7611D,EconomyClass,En vuelo
801,Cele,Casiero,313335,UN1505Y,EconomyClass,Demorado
802,Janet,Lydall,284870,BI4383T,ExecutiveClass,Demorado
803,Bo,Shorto,401997,CP0490Q,ExecutiveClass,En vuelo
804,Dael,Ayling,769424,CQ8428R,EconomyClass,En Horario
805,Ginger,McCoughan,726256,EE4900B,EconomyClass,En Horario
806,Oona,Gallager,753729,US9970A,ExecutiveClass,En Horario
807,Florinda,Hansbury,901387,OJ1984P,FirstClass,Demorado
808,Ferrell,Ech,652155,DD8306I,EconomyClass,Aterrizado
809,Jayne,Alyokhin,426523,GU0329V,ExecutiveClass,Aterrizado
810,Laure,Smails,39633,VT0877L,FirstClass,Demorado
811,Mariele,Beastall,214202,KV3249Q,EconomyClass,En Horario
812,Kristan,Benam,134693,LN7983W,FirstClass,En vuelo
813,Rossie,Dreakin,291609,EX2996I,EconomyClass,En vuelo
814,Helli,Perfili,119146,EC2847N,ExecutiveClass,En vuelo
815,Julie,Key,406862,LP8414C,FirstClass,Demorado
816,Merry,MacTeague,272402,ZG7502A,EconomyClass,Demorado
817,Worth,Lathaye,523265,VF8111O,FirstClass,Aterrizado
818,Glynda,Cummine,279180,WL6999Z,FirstClass,Aterrizado
819,Colan,Falkous,409786,EC8652Q,FirstClass,Demorado
820,Ernestine,Aldwich,563270,PY0545Z,ExecutiveClass,En Horario
821,Gerardo,Gilyott,905920,HE0354R,FirstClass,En vuelo
822,Broderic,Lonergan,714718,OK8777O,ExecutiveClass,En vuelo
823,Franny,Keyser,159850,UR3066E,ExecutiveClass,En Horario
824,Enriqueta,Mence,730933,BI4077K,EconomyClass,Demorado
825,Celinka,Luciani,550779,OH9417V,ExecutiveClass,Demorado
826,Rosamund,Allardyce,870205,PZ6524R,EconomyClass,Demorado
827,Clarie,Kealy,929231,TJ4441N,ExecutiveClass,En vuelo
828,Annmaria,Karlqvist,879046,SD5362T,FirstClass,En Horario
829,Ted,Sandilands,595932,ZF6329D,EconomyClass,Demorado
830,Freeman,Caskey,827386,TF7055W,EconomyClass,En Horario
831,Maje,Elcomb,264842,AC5895U,ExecutiveClass,En vuelo
832,Taylor,Volonte,530202,EM7690T,ExecutiveClass,En Horario
833,Zacharia,Lowrance,31507,EV1060D,ExecutiveClass,En Horario
834,Ellene,Paulmann,63129,NY0095J,FirstClass,Aterrizado
835,Kaia,Easdon,822487,NN0576Y,ExecutiveClass,En vuelo
836,Danni,Climson,431296,EQ3745V,EconomyClass,En Horario
837,Marin,Shea,134712,ZE3788X,EconomyClass,Aterrizado
838,Kissiah,Plumptre,750178,QA0381J,FirstClass,Demorado
839,Dore,Haskayne,233038,FT5168H,EconomyClass,En Horario
840,Oswald,Heephy,952657,ZB5195X,EconomyClass,En Horario
841,Erskine,Ebbage,742300,SW1367H,FirstClass,En vuelo
842,Patrizia,Osband,715549,CO3249I,ExecutiveClass,En Horario
843,Anthe,Stubbings,437976,WF1451X,ExecutiveClass,En Horario
844,Don,Dingle,84979,XK3765W,ExecutiveClass,En vuelo
845,Paten,Ebbings,45612,YP8186T,FirstClass,En vuelo
846,Perle,Guirard,952291,QR9228L,ExecutiveClass,Aterrizado
847,Jefferey,Dalwood,4493,SJ2517P,EconomyClass,Demorado
848,Clemmy,Giovanizio,335582,UX7917L,EconomyClass,En vuelo
849,Koralle,Klaaasen,987666,LQ8843D,EconomyClass,Demorado
850,Karlan,Hymus,96924,YA3228S,EconomyClass,En Horario
851,Reube,Hanning,181592,JV3921V,FirstClass,En vuelo
852,Ron,Byrde,465429,BN2262C,ExecutiveClass,En vuelo
853,Blondelle,Poultney,274946,CB5469R,FirstClass,Aterrizado
854,Bartholemy,Matheson,465776,QE8699K,EconomyClass,Demorado
855,Richie,Maunsell,730726,UJ0592R,FirstClass,Aterrizado
856,Etta,Paddle,560075,BD0757U,ExecutiveClass,Demorado
857,Robbert,Thripp,237586,OS3911F,FirstClass,En vuelo
858,Crin,Brissard,133799,SL0982U,ExecutiveClass,En Horario
859,Ursulina,Doreward,3938,YK3727K,EconomyClass,Aterrizado
860,Holly,Carcas,146529,FW9066J,ExecutiveClass,En Horario
861,Frederigo,Sherbourne,881576,IC8198Y,EconomyClass,Aterrizado
862,Herb,Brew,970976,RY4602X,ExecutiveClass,En Horario
863,Bryanty,Keaveny,944756,TB9497W,EconomyClass,Demorado
864,Krishna,Pennini,450289,ZQ4173V,EconomyClass,Demorado
865,Nani,Panichelli,317594,VR0673R,EconomyClass,Aterrizado
866,Ransell,Foggarty,821775,KP0149I,EconomyClass,En vuelo
867,Sauveur,Swanwick,867643,AJ5961F,EconomyClass,Aterrizado
868,Bibbie,McCrostie,441191,SI8044A,EconomyClass,Aterrizado
869,Muire,Edwardson,158330,VQ7484M,EconomyClass,Demorado
870,Arne,Shama,219416,ZJ2873P,EconomyClass,En Horario
871,Dana,Breheny,292929,XS3046R,FirstClass,Demorado
872,Kerstin,Jorez,593104,LJ8501N,ExecutiveClass,En Horario
873,Kennith,Bugby,724316,BN2213Q,ExecutiveClass,En Horario
874,Willamina,Parkisson,136740,UR5617L,EconomyClass,Aterrizado
875,Maris,Chanter,149927,NZ2501B,ExecutiveClass,Aterrizado
876,Marti,OTowey,741630,BS6055X,FirstClass,En Horario
877,Ebba,Arnli,28308,LX2570T,FirstClass,En Horario
878,Sharlene,Ibbison,124187,AF5061X,FirstClass,En Horario
879,Gawain,Glencrosche,486968,RZ0299Z,EconomyClass,En Horario
880,Dulcy,Ivanishchev,409523,NU8911G,FirstClass,En vuelo
881,Daphene,Grebbin,761976,HR5568H,FirstClass,En vuelo
882,Roanna,Coite,857297,SN3850H,FirstClass,En Horario
883,Caresse,Tarburn,214156,XT3062I,EconomyClass,Demorado
884,Ileana,Felder,123407,UM9671R,EconomyClass,En vuelo
885,Maxie,Jillings,944129,ET2440N,FirstClass,Aterrizado
886,Megen,Janota,232995,TA6718E,EconomyClass,Demorado
887,Monroe,Casel,23379,UW3696P,EconomyClass,En vuelo
888,Shelli,Hiscocks,793833,NU2564R,ExecutiveClass,Demorado
889,Fred,Leveritt,524289,LH3531U,FirstClass,Aterrizado
890,Issy,MacAnulty,334002,BA0437T,FirstClass,Demorado
891,Alane,Dunkirk,498547,RT8848X,FirstClass,En Horario
892,Kimbra,Matityahu,35656,JF9085X,FirstClass,Demorado
893,Laurens,Wadwell,932824,IS9196W,FirstClass,En vuelo
894,Shani,Leitche,900180,LM8556R,FirstClass,Aterrizado
895,Maude,Alpin,614721,MW7092I,EconomyClass,En Horario
896,Eric,Merriment,186087,LN1966C,ExecutiveClass,Demorado
897,Lissi,Mushawe,296680,AO3599M,EconomyClass,En Horario
898,Odo,Bielfeld,61307,ZV6157D,EconomyClass,En Horario
899,Randy,Rehm,77452,VQ7988S,EconomyClass,Demorado
900,Valentine,MacCurlye,721931,HB3921Y,FirstClass,Aterrizado
901,Marysa,Rochewell,173244,ZS2429U,EconomyClass,En vuelo
902,Wynnie,Graffham,34932,KL6944I,ExecutiveClass,Demorado
903,Rudy,Challenor,138014,PL1573J,ExecutiveClass,Aterrizado
904,Zerk,Caulcott,817796,JB5863D,ExecutiveClass,Aterrizado
905,Morgan,Busson,222972,SL6714Y,ExecutiveClass,Aterrizado
906,Jeniffer,Norquay,234214,SP6361R,ExecutiveClass,En vuelo
907,Sabrina,Birkbeck,745728,AG1772T,FirstClass,Demorado
908,Emlyn,Gowers,678555,GS9158W,ExecutiveClass,En vuelo
909,Wilone,Dragoe,656524,RY0022W,EconomyClass,En Horario
910,Amandi,Savoury,541417,LP7885Q,FirstClass,Aterrizado
911,Luz,Reese,838227,YH9860W,FirstClass,Aterrizado
912,Alica,Peile,160640,HT0648E,FirstClass,Aterrizado
913,Stella,Newbigging,409973,WR5699C,ExecutiveClass,Demorado
914,Broderic,DeAndreis,532564,XL4829M,ExecutiveClass,Aterrizado
915,Dorie,Flieg,2953,PQ1103Y,ExecutiveClass,En Horario
916,Lynna,Indruch,7520,VL1709R,EconomyClass,Aterrizado
917,Noel,Fuke,184845,EW0878U,ExecutiveClass,Demorado
918,Gay,Basford,55146,RN1801Z,ExecutiveClass,En Horario
919,Meade,Halpin,133104,OL8675D,EconomyClass,En Horario
920,Wallace,Caskey,823288,EU5400A,ExecutiveClass,En Horario
921,Lanny,Goby,832311,QK3435O,FirstClass,Aterrizado
922,Correy,Rawles,208592,BS5300K,ExecutiveClass,Aterrizado
923,Anabel,Cheak,398756,CF4233V,FirstClass,Demorado
924,Bonita,Lineen,269754,XA4138J,ExecutiveClass,En Horario
925,Vincents,Darby,85180,ZO5447X,EconomyClass,En Horario
926,Rachel,Nutty,864706,TQ5910E,ExecutiveClass,En Horario
927,Alma,Gosselin,599075,NY6951R,EconomyClass,Aterrizado
928,Hewet,Warrilow,913331,SA8354A,ExecutiveClass,En vuelo
929,Sherill,Mulliner,196131,PD9528I,EconomyClass,Aterrizado
930,Gregoire,Jerome,464831,SU1133C,FirstClass,En Horario
931,Derick,Sommerton,216343,WZ8763Y,FirstClass,En Horario
932,Cleo,Elia,928857,RO7392R,EconomyClass,Aterrizado
933,Ezra,Duigenan,456008,OU9452S,ExecutiveClass,Aterrizado
934,Jay,Steart,300279,PG3102J,ExecutiveClass,Demorado
935,Winslow,Werndly,339277,SH4520E,FirstClass,Demorado
936,Ferd,Looker,614175,FM0602C,FirstClass,Aterrizado
937,Skelly,Segebrecht,477481,PZ0327G,ExecutiveClass,En vuelo
938,Lu,Sweed,687759,WM9277F,ExecutiveClass,Aterrizado
939,Lewie,Carson,599476,TS0000Q,ExecutiveClass,En vuelo
940,Moore,McKeevers,870028,SJ7949I,ExecutiveClass,En Horario
941,Claudette,Thomasen,600669,KO6736U,ExecutiveClass,Demorado
942,Jobi,Kennealy,217100,LO6727M,ExecutiveClass,En Horario
943,Liliane,McCreery,30230,ZL3797M,EconomyClass,En vuelo
944,Lily,Carayol,145996,GF3599T,FirstClass,En Horario
945,Jolee,Kubis,139242,RI0062S,FirstClass,Demorado
946,Shane,Tring,589334,JV0655N,EconomyClass,Demorado
947,Carie,Loblie,527208,CS1800U,EconomyClass,Demorado
948,Odella,Robens,84827,VZ4291L,EconomyClass,En vuelo
949,Padriac,Prose,340472,SC2522Z,ExecutiveClass,Aterrizado
950,Liana,Risman,839405,TE1078J,FirstClass,Demorado
951,Shellysheldon,Caldairou,148823,IZ9742Y,ExecutiveClass,Demorado
952,Vitoria,Bromet,473411,AC2107S,FirstClass,En vuelo
953,Gilles,Nuzzetti,477621,SE8732K,ExecutiveClass,Demorado
954,Leicester,Dolman,532218,PL9616I,ExecutiveClass,En Horario
955,Lily,Iori,456274,VH5575L,FirstClass,Demorado
956,Balduin,Shawe,533514,PM8985A,FirstClass,Demorado
957,Sig,Howis,640697,YF3552J,FirstClass,Demorado
958,Natala,Hulburt,573878,NZ2310J,FirstClass,Demorado
959,Gilli,Glading,27677,RY3687R,EconomyClass,Demorado
960,Garik,Donnellan,254078,TM3806M,ExecutiveClass,Aterrizado
961,Maddie,MacFadzean,13533,QC3207W,FirstClass,Aterrizado
962,Trina,Duxbury,195472,DV1936H,EconomyClass,Aterrizado
963,Artemas,Panther,557912,UI1525D,ExecutiveClass,Demorado
964,Darryl,Dongall,782326,EW4771Y,ExecutiveClass,Aterrizado
965,Dawn,MacTrustam,36041,XM1360A,ExecutiveClass,Demorado
966,Candy,Fibben,370076,OV7722Y,EconomyClass,Aterrizado
967,Feliks,Braam,850245,MN6992C,ExecutiveClass,Demorado
968,Bennett,Boldt,715321,SV2534D,FirstClass,Demorado
969,Pauly,Lugg,685747,NF5337C,FirstClass,Demorado
970,Lewie,Skones,885886,LE3381B,ExecutiveClass,Aterrizado
971,Yuma,Whyte,281849,HV0645R,EconomyClass,En vuelo
972,Tremain,Hamstead,318144,LP6111X,ExecutiveClass,Aterrizado
973,Aristotle,Sellek,108753,DE5898T,EconomyClass,En vuelo
974,Camilla,Risbridger,653693,CW4609A,ExecutiveClass,Aterrizado
975,Alanson,Chuney,601300,BL8481M,FirstClass,En vuelo
976,Sandye,LeBrum,492825,WA2450J,FirstClass,Aterrizado
977,Hillier,Rizzillo,421945,MG2848X,ExecutiveClass,Demorado
978,Luz,Wickett,61345,EG9952R,FirstClass,Aterrizado
979,Carol,Girauld,282628,OK5429K,EconomyClass,En Horario
980,Rosella,Challin,331289,HG6470O,ExecutiveClass,En vuelo
981,Valentine,Forsdike,124522,RT4014X,ExecutiveClass,Aterrizado
982,Donnie,Junkison,703261,JG3806J,FirstClass,Aterrizado
983,Jasper,Aldus,187131,DR2032J,EconomyClass,Demorado
984,Trescha,Cope,679067,HV5787J,EconomyClass,En Horario
985,Tiffany,Lanfare,373026,CE1528D,FirstClass,En Horario
986,Oralee,Kundt,823726,BA2486G,EconomyClass,En vuelo
987,Amil,Chitty,820048,UE6981W,FirstClass,Demorado
988,Hinda,Eltune,403836,FG5876M,FirstClass,En vuelo
989,Fianna,Correa,195693,AZ1651E,FirstClass,Aterrizado
990,Lacy,Bartolomieu,434848,JW5817I,FirstClass,En Horario
991,Benedicta,Rishbrook,838680,TH2549D,EconomyClass,En Horario
992,Kennedy,Milthorpe,412284,AF8759D,EconomyClass,En Horario
993,Thomas,Seven,190213,BV4971Z,ExecutiveClass,En vuelo
994,Naoma,Blagbrough,560235,YB3891F,ExecutiveClass,En vuelo
995,Lindy,Axe,959142,QE5419I,FirstClass,Demorado
996,Dale,Bertot,400773,ES3541K,FirstClass,En Horario
997,Leeland,Addlestone,260381,AT7590V,ExecutiveClass,Demorado
998,Taddeo,Waker,844946,HZ9015Z,ExecutiveClass,Aterrizado
999,Nerti,Sheircliffe,450887,FT6780R,ExecutiveClass,En vuelo
1000,Fallon,Wem,376394,AQ4311K,FirstClass,Demorado
